type,name,module,path,hash
"csv","agent-manifest","_config","_config/agent-manifest.csv","93e9916986d175861ced2172037fcc5472d1a150f563cf80d7bc8f08b00f4521"
"csv","task-manifest","_config","_config/task-manifest.csv","ee36e3faca09d367e86f5497997c48324c41534858da08a32af7a0022d68a44a"
"csv","workflow-manifest","_config","_config/workflow-manifest.csv","afac07f580f6742f8c08cd16fd59c1ae9d0e98ae353ec86e7d7c37aad64802ec"
"yaml","manifest","_config","_config/manifest.yaml","7b1aa7fa7b4b0739b82fac2d6a7ad0a0e67016bff787b6bcaf3dc3d162f7141d"
"md","documentation-standards","_memory","_memory/tech-writer-sidecar/documentation-standards.md","b046192ee42fcd1a3e9b2ae6911a0db38510323d072c8d75bad0594f943039e4"
"yaml","config","_memory","_memory/config.yaml","3a0f2fe56d60de20c340397f23f21d1ae1ef3e79bd59a741f51b691aaceefaba"
"csv","common-workflow-tools","bmb","bmb/workflows/workflow/data/common-workflow-tools.csv","c73c8a903bf158624f7eadc03c6dceb4b338f771af3c7048a9b1a37a45ae91bf"
"csv","communication-presets","bmb","bmb/workflows/agent/data/communication-presets.csv","25bea124919e868d408eab0106011da30a66694f9f96e573dd8cc60780aa24d8"
"csv","module-help","bmb","bmb/module-help.csv","30bc24e948a6fb227981c4422d7d1a6260eec2a1bfa2cd7450493306830f23c1"
"md","agent-architecture","bmb","bmb/workflows/agent/data/agent-architecture.md","d23e35f3db1e5922facbbae061080a2d940673b4f8a90bfae7db6d28abf81157"
"md","agent-architecture","bmb","bmb/workflows/module/data/agent-architecture.md","020a293e60f06b3d57b7e489d57bdf5afa56028149c1b59614dfd54fabf48251"
"md","agent-compilation","bmb","bmb/workflows/agent/data/agent-compilation.md","3aa7c61f1da342f74ae445f7dbcbae3a796e6a9eed892ceb39010c23909d9705"
"md","agent-menu-patterns","bmb","bmb/workflows/agent/data/agent-menu-patterns.md","cdd96b31cf7aa4205cd41b209e555b155072b4e1922bd9accc085e4c350557ec"
"md","agent-metadata","bmb","bmb/workflows/agent/data/agent-metadata.md","173cc5de2aab6a0eaa1d0734a0e2b9d8a6889937f20cdc32279611c5a2ca84a2"
"md","agent-plan.template","bmb","bmb/workflows/agent/templates/agent-plan.template.md","71c75a004f86dc25c42cb43d21817d98a23c8d96db74c3821051cb45da6576c9"
"md","agent-spec-template","bmb","bmb/workflows/module/data/agent-spec-template.md","03091b4ae60ec745e751629d2c6ec31f1f89db89189453fb3878e1ec158b0831"
"md","agent-template","bmb","bmb/workflows/agent/templates/agent-template.md","1dd9e1eb44b89f577358f9b8ae50e67b577f0aede059f5082611b75701bd3a15"
"md","agent-validation","bmb","bmb/workflows/agent/data/agent-validation.md","0111a5645188abd821f3156da0d4104ab5d27c13610211a5cb33102727846130"
"md","architect","bmb","bmb/workflows/agent/data/reference/module-examples/architect.md","5e556bbf1515a0fb733b515428e86face65b1f1361cfd6ddc9674d385b2ff784"
"md","architecture","bmb","bmb/workflows/workflow/data/architecture.md","215911ee37c087810e32505d47b39f3e3c59ad35a1c5ae6602a4716674fc391d"
"md","brainstorm-context","bmb","bmb/workflows/agent/data/brainstorm-context.md","bd86effd11ea9bf8bc1b70f7cb63949441b7e3876b84471537daacd8caf0c20f"
"md","brief-template","bmb","bmb/workflows/module/templates/brief-template.md","85dcbd2bd82d143e76b627722d1f50a91dddf2c3b36af714566cd32925ee3687"
"md","critical-actions","bmb","bmb/workflows/agent/data/critical-actions.md","a1a3b248b25f800981fe8b83cd812deb1093a346a7d1b8ab8a2e730b512f77df"
"md","csv-data-file-standards","bmb","bmb/workflows/workflow/data/csv-data-file-standards.md","4d809f6fe47d6236fdca9ba66db981b436e44452f7ffd59f08b40599ab265cb8"
"md","e-01-load-existing","bmb","bmb/workflows/agent/steps-e/e-01-load-existing.md","539c7451d7b641900dfe9297823fb41feff7e08d9cfb5f67381bafca1339501a"
"md","e-02-discover-edits","bmb","bmb/workflows/agent/steps-e/e-02-discover-edits.md","4839d6eb0943f38b3e01dcfacb4b9db2578ebc0fc869956e457160d9a2d10bd9"
"md","e-03-placeholder","bmb","bmb/workflows/agent/steps-e/e-03-placeholder.md","4076b77b471144f7bd58454a2652bed9a11a964bb249df95272b73590757a95e"
"md","e-04-sidecar-metadata","bmb","bmb/workflows/agent/steps-e/e-04-sidecar-metadata.md","10f20ab04d7772edb3ad53f542fdc5c54c0e686efc6464dd72a29800ef7755ca"
"md","e-05-persona","bmb","bmb/workflows/agent/steps-e/e-05-persona.md","f563417e52584fa105c280b5e4b80bd71ec361359b45bbe7ab0678800aa00a08"
"md","e-06-commands-menu","bmb","bmb/workflows/agent/steps-e/e-06-commands-menu.md","eb3c1ea01780eb15aa912bdffa4349b7eda5a81f0225f44a0eeddf245cf4b9a2"
"md","e-07-activation","bmb","bmb/workflows/agent/steps-e/e-07-activation.md","05cacc92ad28e04b384bbb6b8828b28f5ff9ce1deb0b0582dc5c95b5060e5348"
"md","e-08-edit-agent","bmb","bmb/workflows/agent/steps-e/e-08-edit-agent.md","b221ebe838b60ba66bca2df342fc0b6ad2abae211bea1f01b1a2d8186cad81dc"
"md","e-09-celebrate","bmb","bmb/workflows/agent/steps-e/e-09-celebrate.md","8a76fa2aca4500f9a0fecc9d2018821eb8bbfc5d533e9f85861acb910f053863"
"md","frontmatter-standards","bmb","bmb/workflows/workflow/data/frontmatter-standards.md","b02270a8c293bc3b97d1684774153e23a2c212af51a5495e5d419f24931e49d0"
"md","input-discovery-standards","bmb","bmb/workflows/workflow/data/input-discovery-standards.md","e5201a3b67d728df46876e72ca99ad487ff334cfb9b64dc20c1cb3c8f4085117"
"md","intent-vs-prescriptive-spectrum","bmb","bmb/workflows/workflow/data/intent-vs-prescriptive-spectrum.md","13f8048611e00e92a05eb0106de237938458cd4fc04bc5f4d272ae4697a2a91e"
"md","menu-handling-standards","bmb","bmb/workflows/workflow/data/menu-handling-standards.md","0f2065c8ec2aa7ab1df1f5f92db0d9cd8a2364250ed9b7932e6aa17816f130e1"
"md","minimal-output-template","bmb","bmb/workflows/workflow/templates/minimal-output-template.md","f61de8986573aa22ab1bc37235b063541a0209e1033b7c7c0a587dbd8b120a98"
"md","module-help-generate","bmb","bmb/workflows/module/module-help-generate.md","00663d648bfcbadcbac11a44a5aab9e7619bc8cda9e56c9f26ab755d9383c123"
"md","module-standards","bmb","bmb/workflows/module/data/module-standards.md","4314e487a73c5cb6a85357e8ae71e4e7bfbd75ae395e19056c109c4587d4dd8e"
"md","module-yaml-conventions","bmb","bmb/workflows/module/data/module-yaml-conventions.md","669831f40384bc07982882a85cf050b725151fa5e1fcd711447c54831600e379"
"md","output-format-standards","bmb","bmb/workflows/workflow/data/output-format-standards.md","e88aa0032d0a2f6366d43244e739dcd67c1bb2525402c20d2e4d89ea6d394104"
"md","persona-properties","bmb","bmb/workflows/agent/data/persona-properties.md","26ad8d8dc3aae7cdb0818ce26685c9970e3adffefbac1911ce5ee40ed00c7a6b"
"md","principles-crafting","bmb","bmb/workflows/agent/data/principles-crafting.md","dc22ed0b426c290119d0295fdf280a2182b6027df45ea2679dab9d10e974b847"
"md","step-00-conversion","bmb","bmb/workflows/workflow/steps-c/step-00-conversion.md","c2fa704c6af768516520aabd21c8231e7d67a6c030aca6833b00d9bf47aa4049"
"md","step-01-brainstorm","bmb","bmb/workflows/agent/steps-c/step-01-brainstorm.md","3977b82c7bf9431a90f4ed8f1aa6067cfc66ee658bceea283d5d631cc05200df"
"md","step-01-discovery","bmb","bmb/workflows/workflow/steps-c/step-01-discovery.md","8b7c7b6e22e8bacf8dc2612d07e2142bcb05590b005928ac548648036dd4062c"
"md","step-01-init-continuable-template","bmb","bmb/workflows/workflow/templates/step-01-init-continuable-template.md","1ea222b3c2a2a569515ea25493e8bc6205745e1610a2df5a1d70348e76cd48e5"
"md","step-01-load-brief","bmb","bmb/workflows/module/steps-c/step-01-load-brief.md","06f46a88014817367f8991d9cd697cfff2cfb229c790ec3dc07674d19cdfaf81"
"md","step-01-load-target","bmb","bmb/workflows/module/steps-e/step-01-load-target.md","e5e15625642b5fe5836dc57a150f043e2a87355ecd76097993ce9efd233bca21"
"md","step-01-load-target","bmb","bmb/workflows/module/steps-v/step-01-load-target.md","8006a13b76b69c385ff35c2d703f125c235779d3a8561091411e3d6e1dc47bce"
"md","step-01-validate","bmb","bmb/workflows/workflow/steps-v/step-01-validate.md","0a0a7dbcbbdaa1d35855c1a02cc999edb447a60062080775882d8982172e398c"
"md","step-01-validate-max-mode","bmb","bmb/workflows/workflow/steps-v/step-01-validate-max-mode.md","a85ea69b45449ac7f6d9bb0ecb3a5c30cf87dba755c6cf7065b268103ebba795"
"md","step-01-welcome","bmb","bmb/workflows/module/steps-b/step-01-welcome.md","ed259839a715cdd016ae5161c375f2b21c2038dafe4bb4419c85e61d286609b7"
"md","step-01b-continuation","bmb","bmb/workflows/workflow/steps-c/step-01b-continuation.md","d4744e00afb0ddfddd60f8ccf33d3f0b930d5edfa6da7bcab174e5cae4ed4011"
"md","step-01b-continue","bmb","bmb/workflows/module/steps-c/step-01b-continue.md","fd8d93b04c057fb7cf2a8c7c6811cb6826900d1f17b49692f9d7909e05cfc4d8"
"md","step-01b-structure","bmb","bmb/workflows/workflow/steps-v/step-01b-structure.md","dc1efc9dfa9180798102341c0522512ee4f29903f5ff1c78fe9a3ce0c1604737"
"md","step-02-classification","bmb","bmb/workflows/workflow/steps-c/step-02-classification.md","560d01ce4db22bc094f88657dc1b2f8135fc290b98a638a4b79de5a685fb6847"
"md","step-02-discovery","bmb","bmb/workflows/agent/steps-c/step-02-discovery.md","3f8ff9b7ca8d9e556fa3d624b9c58975f6cd44438681223795648aa3d8b7099f"
"md","step-02-file-structure","bmb","bmb/workflows/module/steps-v/step-02-file-structure.md","fc0acf419646452140b033995993f288fa3d97fd41bbd48f7502e319bb326817"
"md","step-02-frontmatter-validation","bmb","bmb/workflows/workflow/steps-v/step-02-frontmatter-validation.md","26627ab0efe0b824ab15ef82e64e0d41f0a98a9663d4a39d542f4f65a2ef170a"
"md","step-02-select-edit","bmb","bmb/workflows/module/steps-e/step-02-select-edit.md","500b040c7c5540505c83932cc880de02727576f25404524bdb4be1554c261491"
"md","step-02-spark","bmb","bmb/workflows/module/steps-b/step-02-spark.md","3e054a19fe1a5166759e09a2fb3788d244f7c4f776d28663339401d8b2ac25e2"
"md","step-02-structure","bmb","bmb/workflows/module/steps-c/step-02-structure.md","6177bdc1971c60299b00d9ce9f37106ecad405bf12d6378bedf30779f87a1e03"
"md","step-02b-path-violations","bmb","bmb/workflows/workflow/steps-v/step-02b-path-violations.md","ef6f2e0b8a6f608ba06a74466acdd74bf3cf6b9ac5290c58ec780e881f912ed1"
"md","step-03-apply-edit","bmb","bmb/workflows/module/steps-e/step-03-apply-edit.md","e9ec488bd25765c1769a8f39e9fd335260c17eb247f2c5246e55a37d2fb02bd7"
"md","step-03-config","bmb","bmb/workflows/module/steps-c/step-03-config.md","14f1bd471ae827aa5ba4947ead23cfbb728ccfa4d2dcf41f7080eed08db35760"
"md","step-03-menu-validation","bmb","bmb/workflows/workflow/steps-v/step-03-menu-validation.md","352f083900a5bd4c7580a21c097547415e67a030f147ddbf338e6605f5e17679"
"md","step-03-module-type","bmb","bmb/workflows/module/steps-b/step-03-module-type.md","387020cdbf5c17286425edcbdfad48d874bd80119aa1e5fd3ecafee59a07385d"
"md","step-03-module-yaml","bmb","bmb/workflows/module/steps-v/step-03-module-yaml.md","874c7a400b90d7c8a53c9348c6194812f21f2a95da1a80127956ed3fb208ae01"
"md","step-03-requirements","bmb","bmb/workflows/workflow/steps-c/step-03-requirements.md","b9ffb90bb9b58df2d1af69b72af4bf3975e8e2b02a22615eaa98da29ae45e269"
"md","step-03-sidecar-metadata","bmb","bmb/workflows/agent/steps-c/step-03-sidecar-metadata.md","4a7b64165d29ff01f5ae90c0daae3bb875485f77412a3623f299ea26f85f9df9"
"md","step-04-agent-specs","bmb","bmb/workflows/module/steps-v/step-04-agent-specs.md","5e2b8562eb57857c80cc5f5ee1e08290c39d79070668941ee155552820bd42a9"
"md","step-04-agents","bmb","bmb/workflows/module/steps-c/step-04-agents.md","097d8b87aa5f1402a0dbb3e9255977f7cfe8dba35e237df3ce2c614419091e19"
"md","step-04-persona","bmb","bmb/workflows/agent/steps-c/step-04-persona.md","8f37e0c5f118673a8489ad9b40a0714716c0ddcbad1ed7c834e8bdf67e33656a"
"md","step-04-review","bmb","bmb/workflows/module/steps-e/step-04-review.md","8fc1da4ab65f6639d860600c942e82a9c2ad7fa8fc3788bb9d35e98c811e9cbb"
"md","step-04-step-type-validation","bmb","bmb/workflows/workflow/steps-v/step-04-step-type-validation.md","22666ec35c68019eaa956f792e653bea6d9bb33adae88f81945423925b0aacd9"
"md","step-04-tools","bmb","bmb/workflows/workflow/steps-c/step-04-tools.md","0202c1f6e80366d0e6a970fa3484264bdbec56ac36b0253aee3db710a7b96ab7"
"md","step-04-vision","bmb","bmb/workflows/module/steps-b/step-04-vision.md","4200d1b6811ae7e16ef2ec5377f7a006b508353c42baa1d65ce5e919e35a4414"
"md","step-05-commands-menu","bmb","bmb/workflows/agent/steps-c/step-05-commands-menu.md","13d355dd79eedbbaa4e3b73ef4c7336edf11cf86d3d110bd99154c6405c8f543"
"md","step-05-confirm","bmb","bmb/workflows/module/steps-e/step-05-confirm.md","f864c0d7c0f2178dbe5ee785fd6136a097801de22fe9927cc717174465eace77"
"md","step-05-identity","bmb","bmb/workflows/module/steps-b/step-05-identity.md","bf6750cdea36d19553295d201d5cf3cc05bba724b4cf105ae297b4fc328ddbe8"
"md","step-05-output-format-validation","bmb","bmb/workflows/workflow/steps-v/step-05-output-format-validation.md","d8aed144c932f4d7615b595696a7849d4a8ce468ac632f1316b3a3efe0337f5d"
"md","step-05-plan-review","bmb","bmb/workflows/workflow/steps-c/step-05-plan-review.md","1896308083a01fdbb2c723e3d8f11f60e0423dd2e1d46949e51f6ed2a2bb9cf3"
"md","step-05-workflow-specs","bmb","bmb/workflows/module/steps-v/step-05-workflow-specs.md","d2b3b63e54480646b5524b3bd32c0a6acfb410c0ebfb48991cbf3a43b2f5be5b"
"md","step-05-workflows","bmb","bmb/workflows/module/steps-c/step-05-workflows.md","ee6ba8767d893f96428a425119039014b5d4d3c2a9e65d59092f100c668c52c0"
"md","step-06-activation","bmb","bmb/workflows/agent/steps-c/step-06-activation.md","2f7923d26cfac1698d2e2d3272cb644947a4d4d705a4236e29f4bb16a4b903df"
"md","step-06-design","bmb","bmb/workflows/workflow/steps-c/step-06-design.md","a59fef28936210a6c0edeaba5e4b02af6188950fc6482eb9365d2a93bb8e727c"
"md","step-06-docs","bmb","bmb/workflows/module/steps-c/step-06-docs.md","8e6791e97658a3288d297b61e1396ee3eda64d087077af7a47880f33bd5456d1"
"md","step-06-documentation","bmb","bmb/workflows/module/steps-v/step-06-documentation.md","3c2cda05dba1da28bfecac96b442dd6b260916a5d387255d8a5f8aabf775918a"
"md","step-06-users","bmb","bmb/workflows/module/steps-b/step-06-users.md","876c8a8f186569e99e42a1a5a3f7b94f33081306af9b1f354250285fbb1616c8"
"md","step-06-validation-design-check","bmb","bmb/workflows/workflow/steps-v/step-06-validation-design-check.md","934be5b8740504411c29c92caa162bde9f9f5b76f9b51f900cddc81ce20afc48"
"md","step-07-build-agent","bmb","bmb/workflows/agent/steps-c/step-07-build-agent.md","3a82c276e43e54faef410a2ac8d4f0f8f0bfd80d085aa563da2334cb30b76448"
"md","step-07-complete","bmb","bmb/workflows/module/steps-c/step-07-complete.md","5e62ae3e42648d1bb9e4ad77c0b01eff36eee498d8539804123286cff8ae685e"
"md","step-07-foundation","bmb","bmb/workflows/workflow/steps-c/step-07-foundation.md","496ab7074b6678d0a3ce5a89aec60d3867fb224a7265b004e5e438a80aa6fec7"
"md","step-07-installation","bmb","bmb/workflows/module/steps-v/step-07-installation.md","e0067d8cf1ad2b2a0cbdd645ef0b3d897f0424f80eb1ac6c0890a1c1a9f90bbf"
"md","step-07-instruction-style-check","bmb","bmb/workflows/workflow/steps-v/step-07-instruction-style-check.md","f637bce8213eed574a5b4d65ee043c1aedfdedf76a1f0d2603f3002a361cb5be"
"md","step-07-value","bmb","bmb/workflows/module/steps-b/step-07-value.md","5634beb03472aee5eba35e5c83d1b0ef502055e6fdca6f16698f9f6ac1cb53b4"
"md","step-08-agents","bmb","bmb/workflows/module/steps-b/step-08-agents.md","e33c9857d1f5a43371a34f56ab1e4c1e3b8aa9056eb7dd7aa2e928c3b552e34e"
"md","step-08-build-step-01","bmb","bmb/workflows/workflow/steps-c/step-08-build-step-01.md","dd3677dd82dbcc6339a696a1899c8283e6fb23b187ddf0d5bc9122e0d29546ad"
"md","step-08-celebrate","bmb","bmb/workflows/agent/steps-c/step-08-celebrate.md","e42540d0843fe4a17502a7aa2cb2e55841142749d76d3f5d1a83c4ab2a1360a1"
"md","step-08-collaborative-experience-check","bmb","bmb/workflows/workflow/steps-v/step-08-collaborative-experience-check.md","14b9afce8eb7fe59d3b8cc3a44295b955d4419fed0e8d1a6b0ac31a3ef3cc610"
"md","step-08-report","bmb","bmb/workflows/module/steps-v/step-08-report.md","e9080fe17dc98280a1d2d7adeaca039d185f580307d43f1224dcc9cf44d62101"
"md","step-08b-subprocess-optimization","bmb","bmb/workflows/workflow/steps-v/step-08b-subprocess-optimization.md","cda18ba6427b1fb8d7266123be8e059c4289ed2b62abc3a39bbae8ea8593227c"
"md","step-09-build-next-step","bmb","bmb/workflows/workflow/steps-c/step-09-build-next-step.md","c6fd5d88991d33c9a947f3e0c49181231b95a2baa5c93ac9ac71b2dbd568bcf2"
"md","step-09-cohesive-review","bmb","bmb/workflows/workflow/steps-v/step-09-cohesive-review.md","cf604f0dab7aa11af521f2270a9c96fa02c7f99f3430811db1ae25dd59dbe946"
"md","step-09-workflows","bmb","bmb/workflows/module/steps-b/step-09-workflows.md","d0a8f1b824d1423f9a5544112afe03725c4b8196a0be62b32c161a930f07e0ee"
"md","step-10-confirmation","bmb","bmb/workflows/workflow/steps-c/step-10-confirmation.md","b5cc8dab668df3888b689f272cc39706471a86286542ef807b176abca5a93ddf"
"md","step-10-report-complete","bmb","bmb/workflows/workflow/steps-v/step-10-report-complete.md","ec38ede67f999076e3df5eaf3cb88f1f069791cd770dda826c101cac61a1e814"
"md","step-10-tools","bmb","bmb/workflows/module/steps-b/step-10-tools.md","0987d73d4335b6779ca2cd27d2e7620eef92b98cece2d9aa442fe243435c845f"
"md","step-11-completion","bmb","bmb/workflows/workflow/steps-c/step-11-completion.md","49e0f7f8d6aa4ac73828a8cbce8cf9ab0816871009559673dcbbe716c9ed21f0"
"md","step-11-plan-validation","bmb","bmb/workflows/workflow/steps-v/step-11-plan-validation.md","58e4c8a2363cc7eef8b4f1c86c52a03d94e6e160462c34478ff851b2232be8c8"
"md","step-11-scenarios","bmb","bmb/workflows/module/steps-b/step-11-scenarios.md","d5ceda11834165ce9b6111d754ce5dbbbee11f34411805c2cc7d7f5fcde1cda8"
"md","step-12-creative","bmb","bmb/workflows/module/steps-b/step-12-creative.md","495309304d1a68b4b0dbe4b5fba0548092641b216b5c57d7cfd6708679898d43"
"md","step-13-review","bmb","bmb/workflows/module/steps-b/step-13-review.md","5a6050a0ebf2046c3730c951572ec17e04bf0e9ccf145b8d0aa3d03235e11477"
"md","step-14-finalize","bmb","bmb/workflows/module/steps-b/step-14-finalize.md","09aba595988eda5bece47552e8b93241780019169e421af5bb6faa33abd71b4a"
"md","step-1b-template","bmb","bmb/workflows/workflow/templates/step-1b-template.md","ec4b361c53e6582c2b610b7a96241bd2726acb98dfab7e4a7ef005c3f4140093"
"md","step-e-01-assess-workflow","bmb","bmb/workflows/workflow/steps-e/step-e-01-assess-workflow.md","0b1a8a9a6308d428ca8ea285054ca7c6127d8d712e808e13d53c66393872a42a"
"md","step-e-02-discover-edits","bmb","bmb/workflows/workflow/steps-e/step-e-02-discover-edits.md","e6dcbf4d638eba3ee5aafb89db958b71c2bea17c56c1724c3741174e943f1c0c"
"md","step-e-03-fix-validation","bmb","bmb/workflows/workflow/steps-e/step-e-03-fix-validation.md","f0d07b596606ca6c34616a89b210f09c71ed1b87acce9148e4e88c21d91bdc21"
"md","step-e-04-direct-edit","bmb","bmb/workflows/workflow/steps-e/step-e-04-direct-edit.md","a4afa5e0942e386ebaebad2d815144ce08f067024d8e7e2bc29874241cf41e4e"
"md","step-e-05-apply-edit","bmb","bmb/workflows/workflow/steps-e/step-e-05-apply-edit.md","3e5a73e07176ec70e742561c87b6892ca351397f43061a6d2b10d6b7cbcdb26f"
"md","step-e-06-validate-after","bmb","bmb/workflows/workflow/steps-e/step-e-06-validate-after.md","969677115937443e64cc1f01c3acd91c87e0e0d5288ce1bac4db8319d4dd6273"
"md","step-e-07-complete","bmb","bmb/workflows/workflow/steps-e/step-e-07-complete.md","1d5f6b8b3830c46b71c5f9d81d6a522879d118521584c40121dc953a9d78b84d"
"md","step-file-rules","bmb","bmb/workflows/workflow/data/step-file-rules.md","1b470e3d55a8aed1b0724612d1b84524147eabb27e9fa46886ec5d0df7a674f3"
"md","step-template","bmb","bmb/workflows/workflow/templates/step-template.md","3d1b8c2ed88ceeb1545c85c2fe6c34352b2343fb8f9d1a1fba768ac6fc10eb31"
"md","step-type-patterns","bmb","bmb/workflows/workflow/data/step-type-patterns.md","9c5f50d2ddaf3d50d54ee29e21a323bc82f72936dfaf67ff6641fa83c4c68fec"
"md","subprocess-optimization-patterns","bmb","bmb/workflows/workflow/data/subprocess-optimization-patterns.md","533ec5fce72104b1b220c40333489241f55291fdd7973e7235f8d2d4b3d193a4"
"md","trimodal-workflow-structure","bmb","bmb/workflows/workflow/data/trimodal-workflow-structure.md","e83b38d8abed9a06495f3da39d8db6d24cd00cf5b5369577f422f22e2b7695e9"
"md","understanding-agent-types","bmb","bmb/workflows/agent/data/understanding-agent-types.md","1f852c86102211c6db08c9d1ed60d63ec7cd460f1bafd308cb3b6841114d1683"
"md","v-01-load-review","bmb","bmb/workflows/agent/steps-v/v-01-load-review.md","a0dc536b3523025be2f0b823b9343e46bffc1b2bea847f6e52c7f6e7203d1c8a"
"md","v-02a-validate-metadata","bmb","bmb/workflows/agent/steps-v/v-02a-validate-metadata.md","32b227f2d8fd18637b1d5b78a9598e2600e41f1a70e8caff846a18c287b2ddb1"
"md","v-02b-validate-persona","bmb","bmb/workflows/agent/steps-v/v-02b-validate-persona.md","b7535cdf8ae862bf3f3994b900343b73028485d9843dc7df9678253a1e0e65b4"
"md","v-02c-validate-menu","bmb","bmb/workflows/agent/steps-v/v-02c-validate-menu.md","33782859da582ac82acd88be9f604679d7b148dc6fbf0bc0509288cf7d9d0d9e"
"md","v-02d-validate-structure","bmb","bmb/workflows/agent/steps-v/v-02d-validate-structure.md","69c8698961d714f9806d7657b6d9aac88ddf8c9a7c5590bdc764d11d54c6f281"
"md","v-02e-validate-sidecar","bmb","bmb/workflows/agent/steps-v/v-02e-validate-sidecar.md","9eb2ec9001fbc2ffea80a9158d4d496c6acab2b965d928abc2843555508a6458"
"md","v-03-summary","bmb","bmb/workflows/agent/steps-v/v-03-summary.md","db9b978c1569afa254184960a9c31ae71a8356a6def57ba09c0961f4efa46ee0"
"md","workflow-chaining-standards","bmb","bmb/workflows/workflow/data/workflow-chaining-standards.md","6aede9a3350786f71687c470038748ad255859e310cda854d147644216bf9bfe"
"md","workflow-create-agent","bmb","bmb/workflows/agent/workflow-create-agent.md","5b83913d4947e77a5137a4fabbe36ca338d45f80afc5c1dedb93c343dd1310c3"
"md","workflow-create-module","bmb","bmb/workflows/module/workflow-create-module.md","be3147584de6a3740071b9c80483d8d75f3b4fd818e5c2555cf03ce5d6d4c98c"
"md","workflow-create-module-brief","bmb","bmb/workflows/module/workflow-create-module-brief.md","7c254d7d318b0ee3a8646acf50b59eb744d960614be5d541a65c54a22f569813"
"md","workflow-create-workflow","bmb","bmb/workflows/workflow/workflow-create-workflow.md","5eadc6e949ae2b453811f79d58da1b4800ff6a3f713a181369fd5d88726407ff"
"md","workflow-edit-agent","bmb","bmb/workflows/agent/workflow-edit-agent.md","c72408f1c72bcbf15a7a8072bc07cf023d25c16fa928bb18f682db1177694fb3"
"md","workflow-edit-module","bmb","bmb/workflows/module/workflow-edit-module.md","c60fa81100c0dab568bb0d1f55d5035c59ca66ebd7f48ca503bbc4866ccdcb82"
"md","workflow-edit-workflow","bmb","bmb/workflows/workflow/workflow-edit-workflow.md","012b2ec4997fcab5b601b475f9aed2a72da41370ea5377bb03064f98c74be91d"
"md","workflow-examples","bmb","bmb/workflows/workflow/data/workflow-examples.md","858a3052f65cad4d6288b8996953e7ae674b00626fe52416c1c088c150847c05"
"md","workflow-rework-workflow","bmb","bmb/workflows/workflow/workflow-rework-workflow.md","df97ef45745a89e90b2db9f619aa40bbcc8ea93bd258247d0289fee2add70cf5"
"md","workflow-spec-template","bmb","bmb/workflows/module/templates/workflow-spec-template.md","e226dc5357c301dfba14dce94bfaad692bfb0f025599a82ae4c97d494627c7af"
"md","workflow-template","bmb","bmb/workflows/workflow/templates/workflow-template.md","6b39e89217d20c7d917602874978bbf018f0d7d3e33e0e753331a602f114fc14"
"md","workflow-type-criteria","bmb","bmb/workflows/workflow/data/workflow-type-criteria.md","60dc1e893f39a9a67540196b6cd5d3424e1e29efd0622962ffb39665b10265bb"
"md","workflow-validate-agent","bmb","bmb/workflows/agent/workflow-validate-agent.md","a1459e71ef5ef12d674f029d45e9560386987e33affc6b8b8e45b302a423bd62"
"md","workflow-validate-max-parallel-workflow","bmb","bmb/workflows/workflow/workflow-validate-max-parallel-workflow.md","4133b5a77c454fc48a55d5e0896fe2d7d21d9e9e39c3e2024febe200df16b3ed"
"md","workflow-validate-module","bmb","bmb/workflows/module/workflow-validate-module.md","7e02b817d7f6bc21ff5bee00f194996a0dd8385bcabd026b2efdcc3f157bebb9"
"md","workflow-validate-workflow","bmb","bmb/workflows/workflow/workflow-validate-workflow.md","f792e9b04ee4fe43e40b10499714e3bbb085c2304ddc478faf9b1bb333e11b72"
"md","yy-mm-dd-entry-template","bmb","bmb/workflows/agent/data/reference/with-sidecar/journal-keeper/journal-keeper-sidecar/entries/yy-mm-dd-entry-template.md","afad2b3f97e0a82fb371ce89cab74734eb5b5c1238dfaed02f5967b581bf7c47"
"yaml","config","bmb","bmb/config.yaml","a408119610ee5707c1a53067aae1c39b3b11c837c67cedb9b48cb712271f1fce"
"csv","default-party","bmm","bmm/teams/default-party.csv","5af107a5b9e9092aeb81bd8c8b9bbe7003afb7bc500e64d56da7cc27ae0c4a6e"
"csv","documentation-requirements","bmm","bmm/workflows/document-project/documentation-requirements.csv","d1253b99e88250f2130516b56027ed706e643bfec3d99316727a4c6ec65c6c1d"
"csv","domain-complexity","bmm","bmm/workflows/2-plan-workflows/create-prd/data/domain-complexity.csv","f775f09fb4dc1b9214ca22db4a3994ce53343d976d7f6e5384949835db6d2770"
"csv","domain-complexity","bmm","bmm/workflows/3-solutioning/create-architecture/data/domain-complexity.csv","3dc34ed39f1fc79a51f7b8fc92087edb7cd85c4393a891d220f2e8dd5a101c70"
"csv","module-help","bmm","bmm/module-help.csv","8c431206f9f91d8bf97d4314e2367c01ba15aa869ff8489deb1e1b74de51aaee"
"csv","project-types","bmm","bmm/workflows/2-plan-workflows/create-prd/data/project-types.csv","7a01d336e940fb7a59ff450064fd1194cdedda316370d939264a0a0adcc0aca3"
"csv","project-types","bmm","bmm/workflows/3-solutioning/create-architecture/data/project-types.csv","12343635a2f11343edb1d46906981d6f5e12b9cad2f612e13b09460b5e5106e7"
"json","project-scan-report-schema","bmm","bmm/workflows/document-project/templates/project-scan-report-schema.json","8466965321f1db22f5013869636199f67e0113706283c285a7ffbbf5efeea321"
"md","architecture-decision-template","bmm","bmm/workflows/3-solutioning/create-architecture/architecture-decision-template.md","5d9adf90c28df61031079280fd2e49998ec3b44fb3757c6a202cda353e172e9f"
"md","checklist","bmm","bmm/workflows/4-implementation/code-review/checklist.md","e30d2890ba5c50777bbe04071f754e975a1d7ec168501f321a79169c4201dd28"
"md","checklist","bmm","bmm/workflows/4-implementation/correct-course/checklist.md","24a3f3e0108398d490dcfbe8669afc50226673cad494f16a668b515ab24bf709"
"md","checklist","bmm","bmm/workflows/4-implementation/create-story/checklist.md","0d26d8426331fd35b84ac2cb640f698c0b58d92ae40c658bdba78941b99b8aad"
"md","checklist","bmm","bmm/workflows/4-implementation/dev-story/checklist.md","630b68c6824a8785003a65553c1f335222b17be93b1bd80524c23b38bde1d8af"
"md","checklist","bmm","bmm/workflows/4-implementation/sprint-planning/checklist.md","80b10aedcf88ab1641b8e5f99c9a400c8fd9014f13ca65befc5c83992e367dd7"
"md","checklist","bmm","bmm/workflows/document-project/checklist.md","581b0b034c25de17ac3678db2dbafedaeb113de37ddf15a4df6584cf2324a7d7"
"md","checklist","bmm","bmm/workflows/qa-generate-e2e-tests/checklist.md","83cd779c6527ff34184dc86f9eebfc0a8a921aee694f063208aee78f80a8fb12"
"md","deep-dive-instructions","bmm","bmm/workflows/document-project/workflows/deep-dive-instructions.md","48b947d438c29a44bfda2ec3c05efcc987397055dc143a49d44c9d4174b7ac09"
"md","deep-dive-template","bmm","bmm/workflows/document-project/templates/deep-dive-template.md","6198aa731d87d6a318b5b8d180fc29b9aa53ff0966e02391c17333818e94ffe9"
"md","epics-template","bmm","bmm/workflows/3-solutioning/create-epics-and-stories/templates/epics-template.md","b8ec5562b2a77efd80c40eba0421bbaab931681552e5a0ff01cd93902c447ff7"
"md","full-scan-instructions","bmm","bmm/workflows/document-project/workflows/full-scan-instructions.md","419912da2b9ea5642c5eff1805f07b8dc29138c23fba0d1092da75506e5e29fb"
"md","index-template","bmm","bmm/workflows/document-project/templates/index-template.md","42c8a14f53088e4fda82f26a3fe41dc8a89d4bcb7a9659dd696136378b64ee90"
"md","instructions","bmm","bmm/workflows/4-implementation/correct-course/instructions.md","9e239bb0653ef06846b03458c4d341fe5b82b173344c0a65cf226b989ac91313"
"md","instructions","bmm","bmm/workflows/document-project/instructions.md","57762fb89b42df577da1188bc881cf3a8d75a1bcc60bce9e1ab2b8bcfdf29a66"
"md","prd-purpose","bmm","bmm/workflows/2-plan-workflows/create-prd/data/prd-purpose.md","49c4641b91504bb14e3887029b70beacaff83a2de200ced4f8cb11c1356ecaee"
"md","prd-template","bmm","bmm/workflows/2-plan-workflows/create-prd/templates/prd-template.md","7ccccab9c06a626b7a228783b0b9b6e4172e9ec0b10d47bbfab56958c898f837"
"md","product-brief.template","bmm","bmm/workflows/1-analysis/create-product-brief/product-brief.template.md","ae0f58b14455efd75a0d97ba68596a3f0b58f350cd1a0ee5b1af69540f949781"
"md","project-context-template","bmm","bmm/data/project-context-template.md","facd60b71649247146700b1dc7d709fa0ae09487f7cf2b5ff8f5ce1b3a8427e8"
"md","project-context-template","bmm","bmm/workflows/generate-project-context/project-context-template.md","54e351394ceceb0ac4b5b8135bb6295cf2c37f739c7fd11bb895ca16d79824a5"
"md","project-overview-template","bmm","bmm/workflows/document-project/templates/project-overview-template.md","a7c7325b75a5a678dca391b9b69b1e3409cfbe6da95e70443ed3ace164e287b2"
"md","readiness-report-template","bmm","bmm/workflows/3-solutioning/check-implementation-readiness/templates/readiness-report-template.md","0da97ab1e38818e642f36dc0ef24d2dae69fc6e0be59924dc2dbf44329738ff6"
"md","research.template","bmm","bmm/workflows/1-analysis/research/research.template.md","507bb6729476246b1ca2fca4693986d286a33af5529b6cd5cb1b0bb5ea9926ce"
"md","source-tree-template","bmm","bmm/workflows/document-project/templates/source-tree-template.md","109bc335ebb22f932b37c24cdc777a351264191825444a4d147c9b82a1e2ad7a"
"md","step-01-clarify-and-route","bmm","bmm/workflows/bmad-quick-flow/bmad-quick-dev-new-preview/steps/step-01-clarify-and-route.md","b07ae65c6a350b3b4e13265ff4605859464c0e75a4c39444644ec93a63927a47"
"md","step-01-discover","bmm","bmm/workflows/generate-project-context/steps/step-01-discover.md","4fa1d13ec3c6db8560b6b1316b822ec2163a58b114b44e9aff733b171ef50ebe"
"md","step-01-document-discovery","bmm","bmm/workflows/3-solutioning/check-implementation-readiness/steps/step-01-document-discovery.md","9204972d801c28a76433230942c81bacc171e6b6951d3226cea9e7ca5c9310f1"
"md","step-01-init","bmm","bmm/workflows/1-analysis/create-product-brief/steps/step-01-init.md","1d8a0a692c78b01535fad65b18c178a566ffa4c62d5b920c7cadea23ceb9697a"
"md","step-01-init","bmm","bmm/workflows/1-analysis/research/domain-steps/step-01-init.md","b21ec2af60870caba5447183424b720e98d1b9232526d26b8d7b11e9f165c52c"
"md","step-01-init","bmm","bmm/workflows/1-analysis/research/market-steps/step-01-init.md","b2b030bc59dfe516e67f19d66f9c6d44d745343ccf2d726d4106290704aecdbd"
"md","step-01-init","bmm","bmm/workflows/1-analysis/research/technical-steps/step-01-init.md","aa809f6b4f152940792f7b4d95f424aaf8c9ebd7628f553486d1bd55b68f9567"
"md","step-01-init","bmm","bmm/workflows/2-plan-workflows/create-prd/steps-c/step-01-init.md","6ad502fa5bf5639eaf6a42e8f0bc0f2b811e0a3fd2ae3a24ed3333365f99e23c"
"md","step-01-init","bmm","bmm/workflows/2-plan-workflows/create-ux-design/steps/step-01-init.md","e76defb842ed5478ec16b35d6566f5ab7ecd8118b92b240a40ab9a7a1e7d3d0b"
"md","step-01-init","bmm","bmm/workflows/3-solutioning/create-architecture/steps/step-01-init.md","b270fd38b2144acb87e07c7496929ddd096717fc6f141736c2e9d1f574458314"
"md","step-01-mode-detection","bmm","bmm/workflows/bmad-quick-flow/quick-dev/steps/step-01-mode-detection.md","4c3843e94643e8231adf460554d39551b0dcbd21ea875c20e55373f91d91381f"
"md","step-01-understand","bmm","bmm/workflows/bmad-quick-flow/quick-spec/steps/step-01-understand.md","24c2d3d3703a9330994a7008a93327702f9551453b0d373476ee83e15d10a514"
"md","step-01-validate-prerequisites","bmm","bmm/workflows/3-solutioning/create-epics-and-stories/steps/step-01-validate-prerequisites.md","c58726aed4316f7c51f28bd982cf474a6689f7d48edd7c7e6201f8e59f19bccd"
"md","step-01b-continue","bmm","bmm/workflows/1-analysis/create-product-brief/steps/step-01b-continue.md","c32490fda5f5a3d5c278baad8e9f4bd793e03429a5bf42c31719e0d90c9a3973"
"md","step-01b-continue","bmm","bmm/workflows/2-plan-workflows/create-prd/steps-c/step-01b-continue.md","5afc3f34f6089a03e9c9a88f13cb41617a7ef163db15c2b39b31ab6908bfa7d6"
"md","step-01b-continue","bmm","bmm/workflows/2-plan-workflows/create-ux-design/steps/step-01b-continue.md","07703fb9ddacf143e7f9cd21e69edc7cf087052d1dc5841674c122d18bb3b956"
"md","step-01b-continue","bmm","bmm/workflows/3-solutioning/create-architecture/steps/step-01b-continue.md","438f14332117c74e5d12f7630690ada4eae4fdcd04e4f47dc689915fe757f101"
"md","step-02-context","bmm","bmm/workflows/3-solutioning/create-architecture/steps/step-02-context.md","1aea114dae26cae37efe4c84a49bf9097111386f10cd056e8fcd750902b6d953"
"md","step-02-context-gathering","bmm","bmm/workflows/bmad-quick-flow/quick-dev/steps/step-02-context-gathering.md","1c4df806dea12554aae0240e5baf5c1cffa5948d0998c8e2c4a93df40d7c42ef"
"md","step-02-customer-behavior","bmm","bmm/workflows/1-analysis/research/market-steps/step-02-customer-behavior.md","93d20ddbd5506bc1d604c3ce56b42185bfe6f34402c45760e4cb7bec627f52e9"
"md","step-02-design-epics","bmm","bmm/workflows/3-solutioning/create-epics-and-stories/steps/step-02-design-epics.md","4bdab63455a73f5973f9ee4b2bc2c35a98a9a0fd9ae9da2accaae5a81adfff5d"
"md","step-02-discovery","bmm","bmm/workflows/2-plan-workflows/create-prd/steps-c/step-02-discovery.md","22856a6bef3f6f97bc37be788b2702cda61cf573037c40a22239bdd94d53fe78"
"md","step-02-discovery","bmm","bmm/workflows/2-plan-workflows/create-ux-design/steps/step-02-discovery.md","5f6ad83cac8b3156a9c4d5c39e78a0000130502a90193680c4a1074167aeabcb"
"md","step-02-domain-analysis","bmm","bmm/workflows/1-analysis/research/domain-steps/step-02-domain-analysis.md","9c4eabbed87b6bfc4636c98e96e551f69af7ef78a92b3f99ac6faa90a921c4c5"
"md","step-02-generate","bmm","bmm/workflows/generate-project-context/steps/step-02-generate.md","d4a6581cf82056d9655dbf4d44945d6715dd4a2f26e01667537690e9945a00f8"
"md","step-02-investigate","bmm","bmm/workflows/bmad-quick-flow/quick-spec/steps/step-02-investigate.md","bacc264e95c273d17c7f9ffcf820b5924bab48e04824da69f125aadb86d70273"
"md","step-02-plan","bmm","bmm/workflows/bmad-quick-flow/bmad-quick-dev-new-preview/steps/step-02-plan.md","2ccc27045af5d4b6049b27470c0c851b2cd0c0e0ad540042d7849dcfebc31c5a"
"md","step-02-prd-analysis","bmm","bmm/workflows/3-solutioning/check-implementation-readiness/steps/step-02-prd-analysis.md","f8c4f293c0a040fa9f73829ffeabfa073d0a8ade583adaefb26431ec83a76398"
"md","step-02-technical-overview","bmm","bmm/workflows/1-analysis/research/technical-steps/step-02-technical-overview.md","a8b8c49649087e8d5afa278840bfe3ed2e8203c820dbe7878ac7571956d940e0"
"md","step-02-vision","bmm","bmm/workflows/1-analysis/create-product-brief/steps/step-02-vision.md","7e7008f77e8bb99b97bb3f7de9c6e0e274aa9ec3a55340e787684ef866200d59"
"md","step-02b-vision","bmm","bmm/workflows/2-plan-workflows/create-prd/steps-c/step-02b-vision.md","8bc2753c63f7c700fdeae5ae1ecdd4fd44d03f502e90f1bcc1b37ead795bf56d"
"md","step-02c-executive-summary","bmm","bmm/workflows/2-plan-workflows/create-prd/steps-c/step-02c-executive-summary.md","61baa436066f6288e89cd06ffc1161ba3bd3b8c772a249f4e32b89a6e3c09594"
"md","step-03-competitive-landscape","bmm","bmm/workflows/1-analysis/research/domain-steps/step-03-competitive-landscape.md","93b8fb9b174cc8dca87bd18dafda7a6ee23727874e7eb86106fd40d7daeb6fb0"
"md","step-03-complete","bmm","bmm/workflows/generate-project-context/steps/step-03-complete.md","cf8d1d1904aeddaddb043c3c365d026cd238891cd702c2b78bae032a8e08ae17"
"md","step-03-core-experience","bmm","bmm/workflows/2-plan-workflows/create-ux-design/steps/step-03-core-experience.md","105ccd05a5bac3a07c1a646da428fee61d36cfc6d1d052d9f9c29ecaedd5b2b8"
"md","step-03-create-stories","bmm","bmm/workflows/3-solutioning/create-epics-and-stories/steps/step-03-create-stories.md","b4c1f4bd1a5480718e2ef6429af7fb22d982bda2a2b3c3cb324a3f814b43e7c2"
"md","step-03-customer-pain-points","bmm","bmm/workflows/1-analysis/research/market-steps/step-03-customer-pain-points.md","4a224fb63d2814a1e2df9b82e42cb2573dc7ffacdf4e61a14a4763c433431a16"
"md","step-03-epic-coverage-validation","bmm","bmm/workflows/3-solutioning/check-implementation-readiness/steps/step-03-epic-coverage-validation.md","f425bcac163b9ea63a004039ff65fffea3499d9e01a2821bb11e0e17e6b6fc52"
"md","step-03-execute","bmm","bmm/workflows/bmad-quick-flow/quick-dev/steps/step-03-execute.md","852fe6239e0322081d5208be4737bad0c15ab08f0c8b93fbddb94491b9931a01"
"md","step-03-generate","bmm","bmm/workflows/bmad-quick-flow/quick-spec/steps/step-03-generate.md","19f5d60629298536f98f1ed1025002836e02a49a30aebed0ed300a40f64f5dd6"
"md","step-03-implement","bmm","bmm/workflows/bmad-quick-flow/bmad-quick-dev-new-preview/steps/step-03-implement.md","6b3ef70305f5feb6dec051e180ce5a71e1e94bbaf8ef0551fca38aa6967dce2e"
"md","step-03-integration-patterns","bmm","bmm/workflows/1-analysis/research/technical-steps/step-03-integration-patterns.md","bb034b20b8c325c1948aa1c7350f0b7e68601a08ec72eb09884e4dae5d94554d"
"md","step-03-starter","bmm","bmm/workflows/3-solutioning/create-architecture/steps/step-03-starter.md","b7740d2c97feeb4fbef51be1771b4cca306b91b7d17b568404ceaff19454b6f7"
"md","step-03-success","bmm","bmm/workflows/2-plan-workflows/create-prd/steps-c/step-03-success.md","4919a1ec7ab36fcbaff666d2c7c64b28fbc521bbe6f8aa2c2ed056b71829751d"
"md","step-03-users","bmm","bmm/workflows/1-analysis/create-product-brief/steps/step-03-users.md","9d8f7ae2a3c0a6c2e13a1173a7995d6b7d903d46b15a5ac0ac121f48102a158e"
"md","step-04-architectural-patterns","bmm","bmm/workflows/1-analysis/research/technical-steps/step-04-architectural-patterns.md","81e4e6f5c6048379ea45d0d4288a7247ff46855653ec6fccf5bbef0e78778ca9"
"md","step-04-customer-decisions","bmm","bmm/workflows/1-analysis/research/market-steps/step-04-customer-decisions.md","8a0c46828854693a7de16e148c3c9eb08b42409a2676b9a44b3cdffe06a577b3"
"md","step-04-decisions","bmm","bmm/workflows/3-solutioning/create-architecture/steps/step-04-decisions.md","2060f507d3b7dcd029fa6ca3f10e16324d8c85e16e509a96ac7ead81a1a05b86"
"md","step-04-emotional-response","bmm","bmm/workflows/2-plan-workflows/create-ux-design/steps/step-04-emotional-response.md","9708e83d3583f53383d7e0eebdb2da4b69e294c530d9569a906879a7fba43eba"
"md","step-04-final-validation","bmm","bmm/workflows/3-solutioning/create-epics-and-stories/steps/step-04-final-validation.md","d854a21472984ebc506c7184971612d9d3ae7c11293723302ade3c9477f5239b"
"md","step-04-journeys","bmm","bmm/workflows/2-plan-workflows/create-prd/steps-c/step-04-journeys.md","4e2a253975de662b8ed18acba22c7fece6ec91a77d4c490d2bd5fb70b8ec5f89"
"md","step-04-metrics","bmm","bmm/workflows/1-analysis/create-product-brief/steps/step-04-metrics.md","687637c849a86f0e1bd8a0adda47c7f0b35bb73e05543390bdfdadfa8a2d68e2"
"md","step-04-regulatory-focus","bmm","bmm/workflows/1-analysis/research/domain-steps/step-04-regulatory-focus.md","179a82a4fdc32274a2ad3ce501b1b54ca1925b7ce9bcaad35503a9dd080e866a"
"md","step-04-review","bmm","bmm/workflows/bmad-quick-flow/bmad-quick-dev-new-preview/steps/step-04-review.md","199d004c54608dcefa92de3c9a54da4b1788a53e4c689d6554ed816bb67c1071"
"md","step-04-review","bmm","bmm/workflows/bmad-quick-flow/quick-spec/steps/step-04-review.md","d1e55010e16cf8b312c73ac943c4d684d817dafe1f5438979ac1c8abc1f129c1"
"md","step-04-self-check","bmm","bmm/workflows/bmad-quick-flow/quick-dev/steps/step-04-self-check.md","0dde0d5c75c3884d6b4d3380263721ad63e02c3d438a100cba3d5da4957c271b"
"md","step-04-ux-alignment","bmm","bmm/workflows/3-solutioning/check-implementation-readiness/steps/step-04-ux-alignment.md","d2e15adf2aecc2c72f9bb9051e94042fc522fd7cfb16376f41bdcdd294319703"
"md","step-05-adversarial-review","bmm","bmm/workflows/bmad-quick-flow/quick-dev/steps/step-05-adversarial-review.md","d02ed95c44c3355e766dc1a9d1a7bb199dadc01752c031e23fa1e7719010e611"
"md","step-05-competitive-analysis","bmm","bmm/workflows/1-analysis/research/market-steps/step-05-competitive-analysis.md","ff6f606a80ffaf09aa325e38a4ceb321b97019e6542241b2ed4e8eb38b35efa8"
"md","step-05-domain","bmm","bmm/workflows/2-plan-workflows/create-prd/steps-c/step-05-domain.md","39a683800ff7d223dcc55f08ca8c917c0b3eb977b78551d9b9bef8713b128aac"
"md","step-05-epic-quality-review","bmm","bmm/workflows/3-solutioning/check-implementation-readiness/steps/step-05-epic-quality-review.md","e7fd60676d6ade485de77ce2dd4229811912594cb924d6c15bae5d9bdf105a7d"
"md","step-05-implementation-research","bmm","bmm/workflows/1-analysis/research/technical-steps/step-05-implementation-research.md","438a235bcb2dbbacb4c38d440b1636a208d4cbe8b5d109cb850cbdfb564b9071"
"md","step-05-inspiration","bmm","bmm/workflows/2-plan-workflows/create-ux-design/steps/step-05-inspiration.md","ab81ed33e7078e991e0cd2237e6b8b129ff41a293998965b8413cff5bf60d866"
"md","step-05-patterns","bmm","bmm/workflows/3-solutioning/create-architecture/steps/step-05-patterns.md","304f4d449f2cfad9952d1bcf17922d5a0b351cb391b2846b0dc4f3e3a312d3f7"
"md","step-05-present","bmm","bmm/workflows/bmad-quick-flow/bmad-quick-dev-new-preview/steps/step-05-present.md","65269531b39365f797f68092ba231c0493ff3d22e97289674e2b32dc3ff52e12"
"md","step-05-scope","bmm","bmm/workflows/1-analysis/create-product-brief/steps/step-05-scope.md","88d39a0c3205a821a4314794879fbc41718495993a833a144a4257f28c568387"
"md","step-05-technical-trends","bmm","bmm/workflows/1-analysis/research/domain-steps/step-05-technical-trends.md","210ef479757881d418db392ac38442d4df9033dedab7bdf8965503a83430ab55"
"md","step-06-complete","bmm","bmm/workflows/1-analysis/create-product-brief/steps/step-06-complete.md","ff7c1a20baa0d3773fd8c074b27491b2fcfbf08d0840751f33f857e9eb32b29e"
"md","step-06-design-system","bmm","bmm/workflows/2-plan-workflows/create-ux-design/steps/step-06-design-system.md","f507e6ac5cfb5603baeb2a95174ce4d014e5fbf74f75c394f8de90ed153745f3"
"md","step-06-final-assessment","bmm","bmm/workflows/3-solutioning/check-implementation-readiness/steps/step-06-final-assessment.md","b2dbf24e1fa987f092c5e219099b4749c969ef6e909e0f507ced9ab44490ccde"
"md","step-06-innovation","bmm","bmm/workflows/2-plan-workflows/create-prd/steps-c/step-06-innovation.md","870734223adec594d69eab5fea483415f00d9466b36bbf83c37c59ec7c19447e"
"md","step-06-research-completion","bmm","bmm/workflows/1-analysis/research/market-steps/step-06-research-completion.md","ddc239b81dc76148b5b41741b3ca0d6d4a1f781e1db5e50d2c6b4222dd64eda9"
"md","step-06-research-synthesis","bmm","bmm/workflows/1-analysis/research/domain-steps/step-06-research-synthesis.md","ae7ea9eec7f763073e4e1ec7ef0dd247a2c9c8f8172c84cbcb0590986c67caa2"
"md","step-06-research-synthesis","bmm","bmm/workflows/1-analysis/research/technical-steps/step-06-research-synthesis.md","01d94ed48e86317754d1dafb328d57bd1ce8832c1f443bfd62413bbd07dcf3a1"
"md","step-06-resolve-findings","bmm","bmm/workflows/bmad-quick-flow/quick-dev/steps/step-06-resolve-findings.md","e657af6e3687e15852c860f018b73aa263bdcf6b9d544771a8c0c715581a2c99"
"md","step-06-structure","bmm","bmm/workflows/3-solutioning/create-architecture/steps/step-06-structure.md","883332bd4819ad0cc0e23e4b48ec88ff71b9e61124a6cdd4be6605ef9c19a43c"
"md","step-07-defining-experience","bmm","bmm/workflows/2-plan-workflows/create-ux-design/steps/step-07-defining-experience.md","cc2a82473e1ac82dcdaca5f60de02cfd8ed1200cf9638d5b724b8cb822e27b1f"
"md","step-07-project-type","bmm","bmm/workflows/2-plan-workflows/create-prd/steps-c/step-07-project-type.md","c493ef9cb821fae995c2ab62189fcec8022df8283b8f811e47cd1ee2cfe6c6c2"
"md","step-07-validation","bmm","bmm/workflows/3-solutioning/create-architecture/steps/step-07-validation.md","e493f95db5cf0c6e78faaa0839f3d4c0c8c0a5729b186b3e47991d357d64a3da"
"md","step-08-complete","bmm","bmm/workflows/3-solutioning/create-architecture/steps/step-08-complete.md","74844f0361750650b771cf64b4f824c2b47b9996b30072099c1cff1e6efe8789"
"md","step-08-scoping","bmm","bmm/workflows/2-plan-workflows/create-prd/steps-c/step-08-scoping.md","2004bd709f99938bbbe2e83b24eb22a236c186977867ec6c7367e4ca62ca7cbb"
"md","step-08-visual-foundation","bmm","bmm/workflows/2-plan-workflows/create-ux-design/steps/step-08-visual-foundation.md","0ee031007e0354e1826db82a6cf4dffcef9c53022d12716ab2b5ea350a497dba"
"md","step-09-design-directions","bmm","bmm/workflows/2-plan-workflows/create-ux-design/steps/step-09-design-directions.md","e2ed8ac60701b134733d464436627191bc8f28d9cd2795d0628d78431bbe01d9"
"md","step-09-functional","bmm","bmm/workflows/2-plan-workflows/create-prd/steps-c/step-09-functional.md","a89b35587077af62dbdea723abe0bee1e048f270d35a24e662ef735fd868ecc8"
"md","step-10-nonfunctional","bmm","bmm/workflows/2-plan-workflows/create-prd/steps-c/step-10-nonfunctional.md","b3c11e57d17971da08405df1a8730d96d7e0dac9abb972e148a7d57517c31df3"
"md","step-10-user-journeys","bmm","bmm/workflows/2-plan-workflows/create-ux-design/steps/step-10-user-journeys.md","85addfbc2d80226cd7775b09f6be6aec582e1ec97c490fc864d544f7b6bc1686"
"md","step-11-component-strategy","bmm","bmm/workflows/2-plan-workflows/create-ux-design/steps/step-11-component-strategy.md","12ae5c49a8e586ed31058b685d6da683beb48b3992cb58c55c49ca20a69d73a1"
"md","step-11-polish","bmm","bmm/workflows/2-plan-workflows/create-prd/steps-c/step-11-polish.md","73b978e0aa307482739f54bffcfad0b8c3c834c92ab445aa0bd277ead1cb7c8b"
"md","step-12-complete","bmm","bmm/workflows/2-plan-workflows/create-prd/steps-c/step-12-complete.md","7ef315f148a1611bb454a5e57163bc529b0502f64a8b0018acca6d0ba60e49d8"
"md","step-12-ux-patterns","bmm","bmm/workflows/2-plan-workflows/create-ux-design/steps/step-12-ux-patterns.md","9552d642b9b2c293be399745423b1aef5ba874dfa8dec1de77cb172cc83a868f"
"md","step-13-responsive-accessibility","bmm","bmm/workflows/2-plan-workflows/create-ux-design/steps/step-13-responsive-accessibility.md","f5c505ee8f08df3f1969d3c21dc920fe4534055aecd2be4ff8a0a5da91f927b8"
"md","step-14-complete","bmm","bmm/workflows/2-plan-workflows/create-ux-design/steps/step-14-complete.md","0869e6b5d4f4fcbe6cd1df0c7c0b4bb7a2817c7c0dd6a5f88062332ab2e1752b"
"md","step-e-01-discovery","bmm","bmm/workflows/2-plan-workflows/create-prd/steps-e/step-e-01-discovery.md","0759cfb02f1c88658e84e0d712e6ca39ec2d3c86105ac3f28e615c72d572d529"
"md","step-e-01b-legacy-conversion","bmm","bmm/workflows/2-plan-workflows/create-prd/steps-e/step-e-01b-legacy-conversion.md","e6bbe9020e6986a620fc0299a48e6c31c9d1ec14691df11be71baeb79837bc92"
"md","step-e-02-review","bmm","bmm/workflows/2-plan-workflows/create-prd/steps-e/step-e-02-review.md","c38392c68f4fa4d4c62190b2487007478785932e63e1f846f6ce3ac49748d6d3"
"md","step-e-03-edit","bmm","bmm/workflows/2-plan-workflows/create-prd/steps-e/step-e-03-edit.md","dfcc3e4f0b1ec050d4985af04dc02b28174a995e95327ca01ae4b8cac10cc1e5"
"md","step-e-04-complete","bmm","bmm/workflows/2-plan-workflows/create-prd/steps-e/step-e-04-complete.md","a1100f8639120311cbaf5a5a880db4e137216bc4bd0110b0926004107a99d3c3"
"md","step-v-01-discovery","bmm","bmm/workflows/2-plan-workflows/create-prd/steps-v/step-v-01-discovery.md","c347a8c78b8e4977c240f597ca4c8ba226d5a81cf83376f583cfac67414e2700"
"md","step-v-02-format-detection","bmm","bmm/workflows/2-plan-workflows/create-prd/steps-v/step-v-02-format-detection.md","251ea5a1cf7779db2dc39d5d8317976a27f84b421359c1974ae96c0943094341"
"md","step-v-02b-parity-check","bmm","bmm/workflows/2-plan-workflows/create-prd/steps-v/step-v-02b-parity-check.md","3481beae212bb0140c105d0ae87bb9714859c93a471048048512fd1278da2fcd"
"md","step-v-03-density-validation","bmm","bmm/workflows/2-plan-workflows/create-prd/steps-v/step-v-03-density-validation.md","5b95ecd032fb65f86b7eee7ce7c30c997dc2a8b5e4846d88c2853538591a9e40"
"md","step-v-04-brief-coverage-validation","bmm","bmm/workflows/2-plan-workflows/create-prd/steps-v/step-v-04-brief-coverage-validation.md","97eb248c7d67e6e5121dd0b020409583998fba433799ea4c5c8cb40c7ff9c7c1"
"md","step-v-05-measurability-validation","bmm","bmm/workflows/2-plan-workflows/create-prd/steps-v/step-v-05-measurability-validation.md","2f331ee6d4f174dec0e4b434bf7691bfcf3a13c6ee0c47a65989badaa6b6a28c"
"md","step-v-06-traceability-validation","bmm","bmm/workflows/2-plan-workflows/create-prd/steps-v/step-v-06-traceability-validation.md","970ea67486211a611a701e1490ab7e8f2f98060a9f78760b6ebfdb9f37743c74"
"md","step-v-07-implementation-leakage-validation","bmm","bmm/workflows/2-plan-workflows/create-prd/steps-v/step-v-07-implementation-leakage-validation.md","f75d1d808fdf3d61b15bea55418b82df747f45902b6b22fe541e83b4ea3fa465"
"md","step-v-08-domain-compliance-validation","bmm","bmm/workflows/2-plan-workflows/create-prd/steps-v/step-v-08-domain-compliance-validation.md","a1902baaf4eaaf946e5c2c2101a1ac46f8ee4397e599218b8dc030cd00c97512"
"md","step-v-09-project-type-validation","bmm","bmm/workflows/2-plan-workflows/create-prd/steps-v/step-v-09-project-type-validation.md","d53e95264625335184284d3f9d0fc6e7674f67bdf97e19362fc33df4bea7f096"
"md","step-v-10-smart-validation","bmm","bmm/workflows/2-plan-workflows/create-prd/steps-v/step-v-10-smart-validation.md","7f542991658eea079964d302eca16bb16e90e78d5b9f654229461d5fb3623df8"
"md","step-v-11-holistic-quality-validation","bmm","bmm/workflows/2-plan-workflows/create-prd/steps-v/step-v-11-holistic-quality-validation.md","b2176b9a8ae29c8edac62647084e3ff0eb2135382ada5cb5b47797f7a14ec345"
"md","step-v-12-completeness-validation","bmm","bmm/workflows/2-plan-workflows/create-prd/steps-v/step-v-12-completeness-validation.md","c966933a0ca3753db75591325cef4d4bdaf9639a1a63f9438758d32f7e1a1dda"
"md","step-v-13-report-complete","bmm","bmm/workflows/2-plan-workflows/create-prd/steps-v/step-v-13-report-complete.md","5bc59c257927becf116b0ee5eddbcc29d3b36ee05bf6c9de826fdacb45cf5dad"
"md","tech-spec-template","bmm","bmm/workflows/bmad-quick-flow/bmad-quick-dev-new-preview/tech-spec-template.md","5d253f505d7584633efe55fe7b16a5bbd630708a075542a0e5f6b563ef1218b2"
"md","tech-spec-template","bmm","bmm/workflows/bmad-quick-flow/quick-spec/tech-spec-template.md","6e0ac4991508fec75d33bbe36197e1576d7b2a1ea7ceba656d616e7d7dadcf03"
"md","template","bmm","bmm/workflows/4-implementation/create-story/template.md","29ba697368d77e88e88d0e7ac78caf7a78785a7dcfc291082aa96a62948afb67"
"md","ux-design-template","bmm","bmm/workflows/2-plan-workflows/create-ux-design/ux-design-template.md","ffa4b89376cd9db6faab682710b7ce755990b1197a8b3e16b17748656d1fca6a"
"md","workflow","bmm","bmm/workflows/1-analysis/create-product-brief/workflow.md","3b0efaebdc6440dc75c6a24c17cbbf8dfb9583bf089f64408a4acf1674d483ad"
"md","workflow","bmm","bmm/workflows/2-plan-workflows/create-ux-design/workflow.md","21298564b342294f62339eda1b81aad392fca43e10e48f924a69cc3414dfb32d"
"md","workflow","bmm","bmm/workflows/3-solutioning/check-implementation-readiness/workflow.md","15ccd00030fa9cf406d50d6a2bd43a8966f1112a1d6fbc5be410c39f3f546a26"
"md","workflow","bmm","bmm/workflows/3-solutioning/create-architecture/workflow.md","4c1463096de99ed9130e73161744240a246bd08f6e6b72d1f2a2e606ac910394"
"md","workflow","bmm","bmm/workflows/3-solutioning/create-epics-and-stories/workflow.md","0e25a2680563be198875936db9c80c40f483b1e199050a89aef20ccb2a5b7377"
"md","workflow","bmm","bmm/workflows/4-implementation/retrospective/workflow.md","15a10c2fb84638b4199dc86d5a5d57be7de95332636c9b0b64dea84c8e0cb81a"
"md","workflow","bmm","bmm/workflows/4-implementation/sprint-planning/workflow.md","f55bcdf4aec667a9e48449299af38c10f686743f356fa348d3f432e236eccf63"
"md","workflow","bmm","bmm/workflows/4-implementation/sprint-status/workflow.md","240d612a1405967ac09fb1fa37cb483d2876c0a5c2722dff7e1dacd44e1c0627"
"md","workflow","bmm","bmm/workflows/bmad-quick-flow/bmad-quick-dev-new-preview/workflow.md","7dc2c0d86a15dbaf384e2cb474f7c3545fff70c0ee9fbeb9122ff12a26c31b9d"
"md","workflow","bmm","bmm/workflows/bmad-quick-flow/quick-dev/workflow.md","20c3934846945972b0c5639a0bcb1e0beb08293f8bbd63dc88164322bb785ff5"
"md","workflow","bmm","bmm/workflows/bmad-quick-flow/quick-spec/workflow.md","7c02e4c72dd527c70c204a96f8d53a760cd4e54a50a4d0486e4c59d036fa9eb0"
"md","workflow","bmm","bmm/workflows/generate-project-context/workflow.md","cd5be4cd8e119c652680fd9c28add994be40c48e1fca1a78b31d10eb99a7a740"
"md","workflow","bmm","bmm/workflows/qa-generate-e2e-tests/workflow.md","8da478226943806db9b607469a2667292c19b62cebe6790bfbaf9d33166bc3bd"
"md","workflow-create-prd","bmm","bmm/workflows/2-plan-workflows/create-prd/workflow-create-prd.md","b4d7376adfa8a2ec5fd62da51d9b19d7da16411dcd43a81224652e784dd6646c"
"md","workflow-domain-research","bmm","bmm/workflows/1-analysis/research/workflow-domain-research.md","6f09e3bcbf6f156b9fb9477dfaf3c076f030fde3a39d8317bb2cf6316718658f"
"md","workflow-edit-prd","bmm","bmm/workflows/2-plan-workflows/create-prd/workflow-edit-prd.md","c1786ba087f0f3b2b819a58309cb0742b8a56eb94271fe870579561a721c7936"
"md","workflow-market-research","bmm","bmm/workflows/1-analysis/research/workflow-market-research.md","ad12c80e4848bee2cb20818af7970efee508abcc98b026c2f873d7fa6b5ad2a5"
"md","workflow-technical-research","bmm","bmm/workflows/1-analysis/research/workflow-technical-research.md","1b88ee75dbf6b45910d37885ebbfe7f7a6cf78215a2da9bc86067cb7a9ce4e94"
"md","workflow-validate-prd","bmm","bmm/workflows/2-plan-workflows/create-prd/workflow-validate-prd.md","fe170fe82e944eddd0fc25bf6554b5f38663907afa28e093d1c8140039c63af4"
"xml","instructions","bmm","bmm/workflows/4-implementation/code-review/instructions.xml","10f576fd49a81dab0167357fb1f3c8cd23b9129ab66881b9ed2246867a8caa0e"
"xml","instructions","bmm","bmm/workflows/4-implementation/create-story/instructions.xml","ec9dcda914b223d150c00f618dd48456cb8057b851f8cf627bc99751d6c9e834"
"xml","instructions","bmm","bmm/workflows/4-implementation/dev-story/instructions.xml","ea4b882b9ed17441ad15cec31bf5bf02f1ec2eafebe52bae40d88527b60fb9c4"
"yaml","bmad-skill-manifest","bmm","bmm/agents/bmad-skill-manifest.yaml","973b7097e5504c980e7548bf71e1e296b4a6265f5f288a82f9930d65e15ddee9"
"yaml","bmad-skill-manifest","bmm","bmm/agents/tech-writer/bmad-skill-manifest.yaml","a46d895577ce3019fc6b5f5a4c76f58c53e669efd198df7feeeb1b26bd8be415"
"yaml","bmad-skill-manifest","bmm","bmm/workflows/1-analysis/create-product-brief/bmad-skill-manifest.yaml","42b3f3571fea49c442c71c311af493223664214f2a435242d522fe9c3e8f192c"
"yaml","bmad-skill-manifest","bmm","bmm/workflows/1-analysis/research/bmad-skill-manifest.yaml","dbd3f8bc37b868f5ce86c0e0ac6cfcd126a5ca3b9426712db1e248752ac1f252"
"yaml","bmad-skill-manifest","bmm","bmm/workflows/2-plan-workflows/create-prd/bmad-skill-manifest.yaml","f4f6ae2046d89f9c87d13b47ab77a4d26402f3e6c0ce5dec106361f54897e8b7"
"yaml","bmad-skill-manifest","bmm","bmm/workflows/2-plan-workflows/create-ux-design/bmad-skill-manifest.yaml","d1da4f5eeebb345e70feaaa2f6547d25fb5782703a7a893fc04f349e032778c7"
"yaml","bmad-skill-manifest","bmm","bmm/workflows/3-solutioning/check-implementation-readiness/bmad-skill-manifest.yaml","19b65a55a271e264532681d7d0f2abecbd5aa4c126558c49fc1c229776aeb388"
"yaml","bmad-skill-manifest","bmm","bmm/workflows/3-solutioning/create-architecture/bmad-skill-manifest.yaml","595c859cbcf14b408f4c3a09c7f31ce91a59eeb4ff77aaa52aaf9b731a9e7c58"
"yaml","bmad-skill-manifest","bmm","bmm/workflows/3-solutioning/create-epics-and-stories/bmad-skill-manifest.yaml","a17a1f0f8e2987bb468784218a254259f50f2b5e4692a56657de969118722ea5"
"yaml","bmad-skill-manifest","bmm","bmm/workflows/4-implementation/code-review/bmad-skill-manifest.yaml","4a9c72a8014f9a1038307233317bf44af3c44a08b4db853a4a876426c98a839b"
"yaml","bmad-skill-manifest","bmm","bmm/workflows/4-implementation/correct-course/bmad-skill-manifest.yaml","beda6984417f575c941bbbff2a7c4d1b6e9df842e26dc034d70918a9ebe5f9cc"
"yaml","bmad-skill-manifest","bmm","bmm/workflows/4-implementation/create-story/bmad-skill-manifest.yaml","f0738eabb5dd9597bd2abdaddf08869526cfab2c8f327d98d4b2ddabd937233f"
"yaml","bmad-skill-manifest","bmm","bmm/workflows/4-implementation/dev-story/bmad-skill-manifest.yaml","b9117960489c052f86cdfba018b2bf250fdc52013df7b7290b9b040cc8f76f71"
"yaml","bmad-skill-manifest","bmm","bmm/workflows/4-implementation/retrospective/bmad-skill-manifest.yaml","8332aecb7b8a20876ad36a50f5766f4e2eeef3516d049c9a11cc4895d2ed2e88"
"yaml","bmad-skill-manifest","bmm","bmm/workflows/4-implementation/sprint-planning/bmad-skill-manifest.yaml","c6960e1033df45a05ef0e74ac9097f0eab3b31786c3858d5282976905f77ff44"
"yaml","bmad-skill-manifest","bmm","bmm/workflows/4-implementation/sprint-status/bmad-skill-manifest.yaml","d3c0073f0a3de15353900408e111d6c1b69d4b837b712a6a7ce5609d2a29fe4b"
"yaml","bmad-skill-manifest","bmm","bmm/workflows/bmad-quick-flow/bmad-quick-dev-new-preview/bmad-skill-manifest.yaml","ea1b058a23cd4fb442f2e7bc7a3a871b73391c0d18c32ddad020dd56b20425ee"
"yaml","bmad-skill-manifest","bmm","bmm/workflows/bmad-quick-flow/quick-dev/bmad-skill-manifest.yaml","7a7957400ae5eecc030bb3e82b3639ff32d158fa78a694c0bf66d28cb07d9a5a"
"yaml","bmad-skill-manifest","bmm","bmm/workflows/bmad-quick-flow/quick-spec/bmad-skill-manifest.yaml","c1c96e0a08906c121fd9b47fac3e5b6a74e0d720a519af1ba725bce65574cc35"
"yaml","bmad-skill-manifest","bmm","bmm/workflows/document-project/bmad-skill-manifest.yaml","64fb7247c416196bbaa93aa562e574f2da02738380b5ed88136ae39943fcb735"
"yaml","bmad-skill-manifest","bmm","bmm/workflows/generate-project-context/bmad-skill-manifest.yaml","55b2795bcd52f8368ea9b5671d7102a0baf397e5443d8ea790221b3e0a08e8a5"
"yaml","bmad-skill-manifest","bmm","bmm/workflows/qa-generate-e2e-tests/bmad-skill-manifest.yaml","2949e748fc8fc003ca1c6ddb60cfd0c3e97deba0502fda261fba831a5adc3a0e"
"yaml","config","bmm","bmm/config.yaml","ac40a2528fc1f34b6e4b7742cfefc759824b379b297f819b11c640e33afcd8e7"
"yaml","deep-dive","bmm","bmm/workflows/document-project/workflows/deep-dive.yaml","efa8d70a594b7580f5312340f93da16f9e106419b1b1d06d2e23d6a30ef963fa"
"yaml","full-scan","bmm","bmm/workflows/document-project/workflows/full-scan.yaml","9d71cce37de1c3f43a7122f3c9705abdf3d677141698a2ab1b89a225f78f3fa9"
"yaml","sprint-status-template","bmm","bmm/workflows/4-implementation/sprint-planning/sprint-status-template.yaml","b46a7bfb7d226f00bd064f111e527eee54ad470d177382a9a15f1a6dde21544c"
"yaml","team-fullstack","bmm","bmm/teams/team-fullstack.yaml","da8346b10dfad8e1164a11abeb3b0a84a1d8b5f04e01e8490a44ffca477a1b96"
"yaml","workflow","bmm","bmm/workflows/4-implementation/code-review/workflow.yaml","4d84f410d441e4c84cb58425e7fa0bf5216014a8272cca0da5102ffa45cfd76f"
"yaml","workflow","bmm","bmm/workflows/4-implementation/correct-course/workflow.yaml","1ac60df30f0962b7b923ed00ae77b11d7cc96e475c38e5d82da521ca32dda3f6"
"yaml","workflow","bmm","bmm/workflows/4-implementation/create-story/workflow.yaml","886c479403830bebf107b2011406b4019dbab2769b7a14987618541ef981d439"
"yaml","workflow","bmm","bmm/workflows/4-implementation/dev-story/workflow.yaml","6c819ead6d1b4bffc78d598db893c241d2dee9e41d0b5e58e3465f63baa613fd"
"yaml","workflow","bmm","bmm/workflows/document-project/workflow.yaml","5c61d95164a4b47189f7f4415bea38590458751ffab755eca5ed0ac0b30232a1"
"csv","brain-methods","core","core/workflows/brainstorming/brain-methods.csv","0ab5878b1dbc9e3fa98cb72abfc3920a586b9e2b42609211bb0516eefd542039"
"csv","methods","core","core/workflows/advanced-elicitation/methods.csv","e08b2e22fec700274982e37be608d6c3d1d4d0c04fa0bae05aa9dba2454e6141"
"csv","module-help","core","core/module-help.csv","8cb889dafd593629f33e546357885d7fff2911d679a170a01f09788c198d4df8"
"md","help","core","core/tasks/help.md","33f38fb2c94e540a005f205f5c6213903feea0bbe2ae7598245e1768b361d405"
"md","step-01-agent-loading","core","core/workflows/party-mode/steps/step-01-agent-loading.md","04ab6b6247564f7edcd5c503f5ca7d27ae688b09bbe2e24345550963a016e9f9"
"md","step-01-session-setup","core","core/workflows/brainstorming/steps/step-01-session-setup.md","a2376d8394fb84e3b5b45c7ecfe00c8f5ae0a0737f547d03108e735e41b99412"
"md","step-01b-continue","core","core/workflows/brainstorming/steps/step-01b-continue.md","bb88e341a25e5e33d533046470a6a4e828ff427066f49bf29ccd22c507c7f726"
"md","step-02-discussion-orchestration","core","core/workflows/party-mode/steps/step-02-discussion-orchestration.md","a8a79890bd03237e20f1293045ecf06f9a62bc590f5c2d4f88e250cee40abb0b"
"md","step-02a-user-selected","core","core/workflows/brainstorming/steps/step-02a-user-selected.md","558b162466745b92687a5d6e218f243a98436dd177b2d5544846c5ff4497cc94"
"md","step-02b-ai-recommended","core","core/workflows/brainstorming/steps/step-02b-ai-recommended.md","99aa935279889f278dcb2a61ba191600a18e9db356dd8ce62f0048d3c37c9531"
"md","step-02c-random-selection","core","core/workflows/brainstorming/steps/step-02c-random-selection.md","f188c260c321c7f026051fefcd267a26ee18ce2a07f64bab7f453c0c3e483316"
"md","step-02d-progressive-flow","core","core/workflows/brainstorming/steps/step-02d-progressive-flow.md","a28c7a3edf34ceb0eea203bf7dc80f39ca04974f6d1ec243f0a088281b2e55de"
"md","step-03-graceful-exit","core","core/workflows/party-mode/steps/step-03-graceful-exit.md","bdecc33004d73238ca05d8fc9d6b86cba89833630956f53ecd82ec3715c5f0da"
"md","step-03-technique-execution","core","core/workflows/brainstorming/steps/step-03-technique-execution.md","1b0557e3114bf525779f4121b82d0046067a2a11e8052aad4c7a367270d45b7c"
"md","step-04-idea-organization","core","core/workflows/brainstorming/steps/step-04-idea-organization.md","cec7bc5c28248afb3282d7a5fcafed184371462417326dec38b89b157e2cffa6"
"md","template","core","core/workflows/brainstorming/template.md","5c99d76963eb5fc21db96c5a68f39711dca7c6ed30e4f7d22aedee9e8bb964f9"
"md","workflow","core","core/tasks/bmad-review-adversarial-general/workflow.md","7bffc39e6dba4d9123648c5d4d79e17c3c5b1efbd927c3fe0026c2dbb8d99cff"
"md","workflow","core","core/workflows/advanced-elicitation/workflow.md","bcf942236820614f81df14e29a897c08539cb4fa1cd043795a741bed85e0bfb6"
"md","workflow","core","core/workflows/brainstorming/workflow.md","f14d8af8331b3f67783b48e56e1f582614473cd04e9532e091daf8dc84faf122"
"md","workflow","core","core/workflows/party-mode/workflow.md","7a28f8f174ec5ef4ad3c5719acfa4bfb6ea659415b298ccf94c32a9f3f005a03"
"xml","editorial-review-prose","core","core/tasks/editorial-review-prose.xml","6380b4c2c30005519883363d050035d1e574a6e27e9200a4b244ec79845b13c6"
"xml","editorial-review-structure","core","core/tasks/editorial-review-structure.xml","4d5c60ae0024a9125331829540a6c6129f9e50f2f1fc07265a0e115fc4d52e8c"
"xml","index-docs","core","core/tasks/index-docs.xml","0f81d3c065555d8b930eab7a00e8a288a8f42c67b416f61db396b14753c32840"
"xml","review-edge-case-hunter","core","core/tasks/review-edge-case-hunter.xml","b7fbd5513b5f756386dd1a4777150f3f8e8c0623258f2b19b1a0b1ced4c9ff9b"
"xml","shard-doc","core","core/tasks/shard-doc.xml","51689fddea77a37342ce06d4c5723e9d10c6178e9cbcca58ae7c6f30e3b041b2"
"xml","workflow","core","core/tasks/workflow.xml","55fb251bf4b9da18af5287deabeface6934a9d5b5722135f9675359ece23b939"
"yaml","bmad-skill-manifest","core","core/agents/bmad-skill-manifest.yaml","8f998d8c2b4b37de894e302a79916826b390049d15f96c5a4c8f5440dedf6e86"
"yaml","bmad-skill-manifest","core","core/tasks/bmad-review-adversarial-general/bmad-skill-manifest.yaml","ea1b058a23cd4fb442f2e7bc7a3a871b73391c0d18c32ddad020dd56b20425ee"
"yaml","bmad-skill-manifest","core","core/tasks/bmad-skill-manifest.yaml","cea28882362b5312fbddda763d148480acd45ab529a4673c9f8c76251b15da7b"
"yaml","bmad-skill-manifest","core","core/workflows/advanced-elicitation/bmad-skill-manifest.yaml","f320bdb329e44f842e88cb9267555bdc023a581cd918abf6e7d7707be8060ba1"
"yaml","bmad-skill-manifest","core","core/workflows/brainstorming/bmad-skill-manifest.yaml","dcf11e0e348671906100a8b5a226932091fabf0f407b5a14cfbcc431093466f8"
"yaml","bmad-skill-manifest","core","core/workflows/party-mode/bmad-skill-manifest.yaml","8ca907e2921a4562e2d1f338fc669ba21be7546ce00be4e078e6601499712172"
"yaml","config","core","core/config.yaml","4caaa5acf3f86c15fab8ad36bfec527dd4aad0d56fe39fefe87d24821eb0946b"
